,antecedents,consequents,antecedent support,consequent support,support,confidence,lift,representativity,leverage,conviction,zhangs_metric,jaccard,certainty,kulczynski
0,frozenset({'AGGREGATE'}),frozenset({'(RI)'}),0.36591989137813985,0.3652410047522064,0.3652410047522064,0.9981447124304267,2.732838589981447,1.0,0.23159205596643637,342.13509843855485,1.0,0.9981447124304269,0.9970771779786293,0.9990723562152133
1,frozenset({'(RI)'}),frozenset({'AGGREGATE'}),0.3652410047522064,0.36591989137813985,0.3652410047522064,1.0,2.732838589981447,1.0,0.23159205596643637,inf,0.9989304812834224,0.9981447124304269,1.0,0.9990723562152133
2,frozenset({'BENEFITS'}),frozenset({'(RI)'}),0.37067209775967414,0.3652410047522064,0.3652410047522064,0.9853479853479854,2.697802197802198,1.0,0.22985635533285495,43.32230142566207,1.0,0.9853479853479852,0.9769172004466123,0.9926739926739927
3,frozenset({'(RI)'}),frozenset({'BENEFITS'}),0.3652410047522064,0.37067209775967414,0.3652410047522064,1.0,2.697802197802198,1.0,0.22985635533285495,inf,0.9914438502673797,0.9853479853479852,1.0,0.9926739926739927
4,frozenset({'(RI)'}),frozenset({'INSURANCE'}),0.3652410047522064,0.38289205702647655,0.3652410047522064,1.0,2.6117021276595747,1.0,0.225393125132217,inf,0.9721925133689839,0.9539007092198581,1.0,0.9769503546099292
5,frozenset({'INSURANCE'}),frozenset({'(RI)'}),0.38289205702647655,0.3652410047522064,0.3652410047522064,0.9539007092198583,2.6117021276595747,1.0,0.225393125132217,13.769387435375247,1.0,0.9539007092198581,0.9273751280009103,0.9769503546099292
6,frozenset({'(RI)'}),frozenset({'RETIREMENT'}),0.3652410047522064,0.3652410047522064,0.3652410047522064,1.0,2.7379182156133828,1.0,0.23184001319980513,inf,0.9999999999999999,1.0,1.0,1.0
7,frozenset({'RETIREMENT'}),frozenset({'(RI)'}),0.3652410047522064,0.3652410047522064,0.3652410047522064,1.0,2.7379182156133828,1.0,0.23184001319980513,inf,0.9999999999999999,1.0,1.0,1.0
8,frozenset({'AGGREGATE'}),frozenset({'BENEFITS'}),0.36591989137813985,0.37067209775967414,0.36591989137813985,1.0,2.697802197802198,1.0,0.23028359762901265,inf,0.9925053533190579,0.9871794871794872,1.0,0.9935897435897436
9,frozenset({'BENEFITS'}),frozenset({'AGGREGATE'}),0.37067209775967414,0.36591989137813985,0.36591989137813985,0.9871794871794872,2.697802197802198,1.0,0.23028359762901265,49.45824847250527,1.0,0.9871794871794872,0.9797809257124033,0.9935897435897436
10,frozenset({'AGGREGATE'}),frozenset({'INSURANCE'}),0.36591989137813985,0.38289205702647655,0.3652410047522064,0.9981447124304267,2.6068566691666994,1.0,0.22513318483552555,332.6211812627233,0.9721109987820702,0.9522123893805311,0.9969935769087113,0.9760227108251425
11,frozenset({'INSURANCE'}),frozenset({'AGGREGATE'}),0.38289205702647655,0.36591989137813985,0.3652410047522064,0.9539007092198583,2.6068566691667,1.0,0.22513318483552555,13.754660817797303,0.998846724821181,0.9522123893805311,0.9272973711786415,0.9760227108251425
12,frozenset({'AGGREGATE'}),frozenset({'RETIREMENT'}),0.36591989137813985,0.3652410047522064,0.3652410047522064,0.9981447124304267,2.732838589981447,1.0,0.23159205596643637,342.13509843855485,1.0,0.9981447124304269,0.9970771779786293,0.9990723562152133
13,frozenset({'RETIREMENT'}),frozenset({'AGGREGATE'}),0.3652410047522064,0.36591989137813985,0.3652410047522064,1.0,2.732838589981447,1.0,0.23159205596643637,inf,0.9989304812834224,0.9981447124304269,1.0,0.9990723562152133
14,frozenset({'OF'}),frozenset({'AND'}),0.11473183978275628,0.18329938900203666,0.08689748811948404,0.757396449704142,4.1320184089414855,1.0,0.06586721198822526,3.3664000794794093,0.856223638803681,0.4115755627009646,0.7029467750741489,0.6157352618891081
15,frozenset({'THE'}),frozenset({'AND'}),0.10522742701968771,0.18329938900203666,0.09097080787508487,0.8645161290322582,4.71641577060932,1.0,0.07168268479611971,6.028028319270686,0.8806423119606822,0.4604810996563575,0.8341082776928648,0.6804062126642773
16,frozenset({'TO'}),frozenset({'AND'}),0.1120162932790224,0.18329938900203666,0.08486082824168364,0.7575757575757576,4.132996632996633,1.0,0.06432831012536588,3.3688900203665986,0.8536697247706421,0.4032258064516129,0.703166326607723,0.6102693602693603
17,frozenset({'BENEFITS'}),frozenset({'INSURANCE'}),0.37067209775967414,0.38289205702647655,0.3652410047522064,0.9853479853479854,2.573435429818409,1.0,0.22331360275868556,42.117617107943126,0.9715354723836336,0.9405594405594406,0.9762569663559764,0.9696243472839219
18,frozenset({'INSURANCE'}),frozenset({'BENEFITS'}),0.38289205702647655,0.37067209775967414,0.3652410047522064,0.9539007092198583,2.573435429818409,1.0,0.22331360275868556,13.651574494751713,0.990773798569448,0.9405594405594406,0.9267483761389981,0.9696243472839219
19,frozenset({'BENEFITS'}),frozenset({'RETIREMENT'}),0.37067209775967414,0.3652410047522064,0.3652410047522064,0.9853479853479854,2.697802197802198,1.0,0.22985635533285495,43.32230142566207,1.0,0.9853479853479852,0.9769172004466123,0.9926739926739927
20,frozenset({'RETIREMENT'}),frozenset({'BENEFITS'}),0.3652410047522064,0.37067209775967414,0.3652410047522064,1.0,2.697802197802198,1.0,0.22985635533285495,inf,0.9914438502673797,0.9853479853479852,1.0,0.9926739926739927
21,frozenset({'THE'}),frozenset({'FOR'}),0.10522742701968771,0.13374066530889342,0.07807196198234895,0.7419354838709677,5.547568364172261,1.0,0.06399877588399289,3.3567549219280384,0.916144355743221,0.48523206751054854,0.702093234907473,0.6628459145243164
22,frozenset({'INSURANCE'}),frozenset({'RETIREMENT'}),0.38289205702647655,0.3652410047522064,0.3652410047522064,0.9539007092198583,2.6117021276595747,1.0,0.225393125132217,13.769387435375247,1.0,0.9539007092198581,0.9273751280009103,0.9769503546099292
23,frozenset({'RETIREMENT'}),frozenset({'INSURANCE'}),0.3652410047522064,0.38289205702647655,0.3652410047522064,1.0,2.6117021276595747,1.0,0.225393125132217,inf,0.9721925133689839,0.9539007092198581,1.0,0.9769503546099292
24,frozenset({'OF'}),frozenset({'THE'}),0.11473183978275628,0.10522742701968771,0.0855397148676171,0.7455621301775148,7.085245275815996,1.0,0.07346677857004262,3.516664298457507,0.9701711461680788,0.6363636363636364,0.7156396189313197,0.7792326779919831
25,frozenset({'THE'}),frozenset({'OF'}),0.10522742701968771,0.11473183978275628,0.0855397148676171,0.8129032258064516,7.085245275815995,1.0,0.07346677857004262,4.73160568391975,0.9598658380904208,0.6363636363636364,0.7886552543043736,0.7792326779919831
26,frozenset({'OF'}),frozenset({'TO'}),0.11473183978275628,0.1120162932790224,0.08078750848608282,0.7041420118343195,6.28606777837547,1.0,0.06793567307253578,3.0013849287169037,0.9499020467082538,0.5534883720930233,0.6668204766299332,0.7126770665232203
27,frozenset({'TO'}),frozenset({'OF'}),0.1120162932790224,0.11473183978275628,0.08078750848608282,0.7212121212121212,6.286067778375471,1.0,0.06793567307253578,3.1754184007792436,0.9469971474828464,0.5534883720930233,0.6850808700501952,0.7126770665232203
28,frozenset({'THE'}),frozenset({'TO'}),0.10522742701968771,0.1120162932790224,0.08010862186014936,0.7612903225806452,6.796246334310851,1.0,0.0683214355341151,3.7199317443716637,0.9531583549805818,0.5841584158415842,0.7311778632731578,0.7382209188660802
29,frozenset({'TO'}),frozenset({'THE'}),0.1120162932790224,0.10522742701968771,0.08010862186014936,0.7151515151515152,6.796246334310851,1.0,0.0683214355341151,3.1412228625904586,0.9604454983672835,0.5841584158415842,0.6816526417436889,0.7382209188660802
30,"frozenset({'AGGREGATE', '(RI)'})",frozenset({'BENEFITS'}),0.3652410047522064,0.37067209775967414,0.3652410047522064,1.0,2.697802197802198,1.0,0.22985635533285495,inf,0.9914438502673797,0.9853479853479852,1.0,0.9926739926739927
31,"frozenset({'AGGREGATE', 'BENEFITS'})",frozenset({'(RI)'}),0.36591989137813985,0.3652410047522064,0.3652410047522064,0.9981447124304267,2.732838589981447,1.0,0.23159205596643637,342.13509843855485,1.0,0.9981447124304269,0.9970771779786293,0.9990723562152133
32,"frozenset({'BENEFITS', '(RI)'})",frozenset({'AGGREGATE'}),0.3652410047522064,0.36591989137813985,0.3652410047522064,1.0,2.732838589981447,1.0,0.23159205596643637,inf,0.9989304812834224,0.9981447124304269,1.0,0.9990723562152133
33,frozenset({'AGGREGATE'}),"frozenset({'BENEFITS', '(RI)'})",0.36591989137813985,0.3652410047522064,0.3652410047522064,0.9981447124304267,2.732838589981447,1.0,0.23159205596643637,342.13509843855485,1.0,0.9981447124304269,0.9970771779786293,0.9990723562152133
34,frozenset({'(RI)'}),"frozenset({'AGGREGATE', 'BENEFITS'})",0.3652410047522064,0.36591989137813985,0.3652410047522064,1.0,2.732838589981447,1.0,0.23159205596643637,inf,0.9989304812834224,0.9981447124304269,1.0,0.9990723562152133
35,frozenset({'BENEFITS'}),"frozenset({'AGGREGATE', '(RI)'})",0.37067209775967414,0.3652410047522064,0.3652410047522064,0.9853479853479854,2.697802197802198,1.0,0.22985635533285495,43.32230142566207,1.0,0.9853479853479852,0.9769172004466123,0.9926739926739927
36,"frozenset({'AGGREGATE', '(RI)'})",frozenset({'INSURANCE'}),0.3652410047522064,0.38289205702647655,0.3652410047522064,1.0,2.6117021276595747,1.0,0.225393125132217,inf,0.9721925133689839,0.9539007092198581,1.0,0.9769503546099292
37,"frozenset({'AGGREGATE', 'INSURANCE'})",frozenset({'(RI)'}),0.3652410047522064,0.3652410047522064,0.3652410047522064,1.0,2.7379182156133828,1.0,0.23184001319980513,inf,0.9999999999999999,1.0,1.0,1.0
38,"frozenset({'(RI)', 'INSURANCE'})",frozenset({'AGGREGATE'}),0.3652410047522064,0.36591989137813985,0.3652410047522064,1.0,2.732838589981447,1.0,0.23159205596643637,inf,0.9989304812834224,0.9981447124304269,1.0,0.9990723562152133
39,frozenset({'AGGREGATE'}),"frozenset({'(RI)', 'INSURANCE'})",0.36591989137813985,0.3652410047522064,0.3652410047522064,0.9981447124304267,2.732838589981447,1.0,0.23159205596643637,342.13509843855485,1.0,0.9981447124304269,0.9970771779786293,0.9990723562152133
40,frozenset({'(RI)'}),"frozenset({'AGGREGATE', 'INSURANCE'})",0.3652410047522064,0.3652410047522064,0.3652410047522064,1.0,2.7379182156133828,1.0,0.23184001319980513,inf,0.9999999999999999,1.0,1.0,1.0
41,frozenset({'INSURANCE'}),"frozenset({'AGGREGATE', '(RI)'})",0.38289205702647655,0.3652410047522064,0.3652410047522064,0.9539007092198583,2.6117021276595747,1.0,0.225393125132217,13.769387435375247,1.0,0.9539007092198581,0.9273751280009103,0.9769503546099292
42,"frozenset({'AGGREGATE', '(RI)'})",frozenset({'RETIREMENT'}),0.3652410047522064,0.3652410047522064,0.3652410047522064,1.0,2.7379182156133828,1.0,0.23184001319980513,inf,0.9999999999999999,1.0,1.0,1.0
43,"frozenset({'AGGREGATE', 'RETIREMENT'})",frozenset({'(RI)'}),0.3652410047522064,0.3652410047522064,0.3652410047522064,1.0,2.7379182156133828,1.0,0.23184001319980513,inf,0.9999999999999999,1.0,1.0,1.0
44,"frozenset({'(RI)', 'RETIREMENT'})",frozenset({'AGGREGATE'}),0.3652410047522064,0.36591989137813985,0.3652410047522064,1.0,2.732838589981447,1.0,0.23159205596643637,inf,0.9989304812834224,0.9981447124304269,1.0,0.9990723562152133
45,frozenset({'AGGREGATE'}),"frozenset({'(RI)', 'RETIREMENT'})",0.36591989137813985,0.3652410047522064,0.3652410047522064,0.9981447124304267,2.732838589981447,1.0,0.23159205596643637,342.13509843855485,1.0,0.9981447124304269,0.9970771779786293,0.9990723562152133
46,frozenset({'(RI)'}),"frozenset({'AGGREGATE', 'RETIREMENT'})",0.3652410047522064,0.3652410047522064,0.3652410047522064,1.0,2.7379182156133828,1.0,0.23184001319980513,inf,0.9999999999999999,1.0,1.0,1.0
47,frozenset({'RETIREMENT'}),"frozenset({'AGGREGATE', '(RI)'})",0.3652410047522064,0.3652410047522064,0.3652410047522064,1.0,2.7379182156133828,1.0,0.23184001319980513,inf,0.9999999999999999,1.0,1.0,1.0
48,"frozenset({'BENEFITS', '(RI)'})",frozenset({'INSURANCE'}),0.3652410047522064,0.38289205702647655,0.3652410047522064,1.0,2.6117021276595747,1.0,0.225393125132217,inf,0.9721925133689839,0.9539007092198581,1.0,0.9769503546099292
49,"frozenset({'BENEFITS', 'INSURANCE'})",frozenset({'(RI)'}),0.3652410047522064,0.3652410047522064,0.3652410047522064,1.0,2.7379182156133828,1.0,0.23184001319980513,inf,0.9999999999999999,1.0,1.0,1.0
50,"frozenset({'(RI)', 'INSURANCE'})",frozenset({'BENEFITS'}),0.3652410047522064,0.37067209775967414,0.3652410047522064,1.0,2.697802197802198,1.0,0.22985635533285495,inf,0.9914438502673797,0.9853479853479852,1.0,0.9926739926739927
51,frozenset({'BENEFITS'}),"frozenset({'(RI)', 'INSURANCE'})",0.37067209775967414,0.3652410047522064,0.3652410047522064,0.9853479853479854,2.697802197802198,1.0,0.22985635533285495,43.32230142566207,1.0,0.9853479853479852,0.9769172004466123,0.9926739926739927
52,frozenset({'(RI)'}),"frozenset({'BENEFITS', 'INSURANCE'})",0.3652410047522064,0.3652410047522064,0.3652410047522064,1.0,2.7379182156133828,1.0,0.23184001319980513,inf,0.9999999999999999,1.0,1.0,1.0
53,frozenset({'INSURANCE'}),"frozenset({'BENEFITS', '(RI)'})",0.38289205702647655,0.3652410047522064,0.3652410047522064,0.9539007092198583,2.6117021276595747,1.0,0.225393125132217,13.769387435375247,1.0,0.9539007092198581,0.9273751280009103,0.9769503546099292
54,"frozenset({'BENEFITS', '(RI)'})",frozenset({'RETIREMENT'}),0.3652410047522064,0.3652410047522064,0.3652410047522064,1.0,2.7379182156133828,1.0,0.23184001319980513,inf,0.9999999999999999,1.0,1.0,1.0
55,"frozenset({'BENEFITS', 'RETIREMENT'})",frozenset({'(RI)'}),0.3652410047522064,0.3652410047522064,0.3652410047522064,1.0,2.7379182156133828,1.0,0.23184001319980513,inf,0.9999999999999999,1.0,1.0,1.0
56,"frozenset({'(RI)', 'RETIREMENT'})",frozenset({'BENEFITS'}),0.3652410047522064,0.37067209775967414,0.3652410047522064,1.0,2.697802197802198,1.0,0.22985635533285495,inf,0.9914438502673797,0.9853479853479852,1.0,0.9926739926739927
57,frozenset({'BENEFITS'}),"frozenset({'(RI)', 'RETIREMENT'})",0.37067209775967414,0.3652410047522064,0.3652410047522064,0.9853479853479854,2.697802197802198,1.0,0.22985635533285495,43.32230142566207,1.0,0.9853479853479852,0.9769172004466123,0.9926739926739927
58,frozenset({'(RI)'}),"frozenset({'BENEFITS', 'RETIREMENT'})",0.3652410047522064,0.3652410047522064,0.3652410047522064,1.0,2.7379182156133828,1.0,0.23184001319980513,inf,0.9999999999999999,1.0,1.0,1.0
59,frozenset({'RETIREMENT'}),"frozenset({'BENEFITS', '(RI)'})",0.3652410047522064,0.3652410047522064,0.3652410047522064,1.0,2.7379182156133828,1.0,0.23184001319980513,inf,0.9999999999999999,1.0,1.0,1.0
60,"frozenset({'(RI)', 'INSURANCE'})",frozenset({'RETIREMENT'}),0.3652410047522064,0.3652410047522064,0.3652410047522064,1.0,2.7379182156133828,1.0,0.23184001319980513,inf,0.9999999999999999,1.0,1.0,1.0
61,"frozenset({'(RI)', 'RETIREMENT'})",frozenset({'INSURANCE'}),0.3652410047522064,0.38289205702647655,0.3652410047522064,1.0,2.6117021276595747,1.0,0.225393125132217,inf,0.9721925133689839,0.9539007092198581,1.0,0.9769503546099292
62,"frozenset({'INSURANCE', 'RETIREMENT'})",frozenset({'(RI)'}),0.3652410047522064,0.3652410047522064,0.3652410047522064,1.0,2.7379182156133828,1.0,0.23184001319980513,inf,0.9999999999999999,1.0,1.0,1.0
63,frozenset({'(RI)'}),"frozenset({'INSURANCE', 'RETIREMENT'})",0.3652410047522064,0.3652410047522064,0.3652410047522064,1.0,2.7379182156133828,1.0,0.23184001319980513,inf,0.9999999999999999,1.0,1.0,1.0
64,frozenset({'INSURANCE'}),"frozenset({'(RI)', 'RETIREMENT'})",0.38289205702647655,0.3652410047522064,0.3652410047522064,0.9539007092198583,2.6117021276595747,1.0,0.225393125132217,13.769387435375247,1.0,0.9539007092198581,0.9273751280009103,0.9769503546099292
65,frozenset({'RETIREMENT'}),"frozenset({'(RI)', 'INSURANCE'})",0.3652410047522064,0.3652410047522064,0.3652410047522064,1.0,2.7379182156133828,1.0,0.23184001319980513,inf,0.9999999999999999,1.0,1.0,1.0
66,"frozenset({'AGGREGATE', 'BENEFITS'})",frozenset({'INSURANCE'}),0.36591989137813985,0.38289205702647655,0.3652410047522064,0.9981447124304267,2.6068566691666994,1.0,0.22513318483552555,332.6211812627233,0.9721109987820702,0.9522123893805311,0.9969935769087113,0.9760227108251425
67,"frozenset({'AGGREGATE', 'INSURANCE'})",frozenset({'BENEFITS'}),0.3652410047522064,0.37067209775967414,0.3652410047522064,1.0,2.697802197802198,1.0,0.22985635533285495,inf,0.9914438502673797,0.9853479853479852,1.0,0.9926739926739927
68,"frozenset({'BENEFITS', 'INSURANCE'})",frozenset({'AGGREGATE'}),0.3652410047522064,0.36591989137813985,0.3652410047522064,1.0,2.732838589981447,1.0,0.23159205596643637,inf,0.9989304812834224,0.9981447124304269,1.0,0.9990723562152133
69,frozenset({'AGGREGATE'}),"frozenset({'BENEFITS', 'INSURANCE'})",0.36591989137813985,0.3652410047522064,0.3652410047522064,0.9981447124304267,2.732838589981447,1.0,0.23159205596643637,342.13509843855485,1.0,0.9981447124304269,0.9970771779786293,0.9990723562152133
70,frozenset({'BENEFITS'}),"frozenset({'AGGREGATE', 'INSURANCE'})",0.37067209775967414,0.3652410047522064,0.3652410047522064,0.9853479853479854,2.697802197802198,1.0,0.22985635533285495,43.32230142566207,1.0,0.9853479853479852,0.9769172004466123,0.9926739926739927
71,frozenset({'INSURANCE'}),"frozenset({'AGGREGATE', 'BENEFITS'})",0.38289205702647655,0.36591989137813985,0.3652410047522064,0.9539007092198583,2.6068566691667,1.0,0.22513318483552555,13.754660817797303,0.998846724821181,0.9522123893805311,0.9272973711786415,0.9760227108251425
72,"frozenset({'AGGREGATE', 'BENEFITS'})",frozenset({'RETIREMENT'}),0.36591989137813985,0.3652410047522064,0.3652410047522064,0.9981447124304267,2.732838589981447,1.0,0.23159205596643637,342.13509843855485,1.0,0.9981447124304269,0.9970771779786293,0.9990723562152133
73,"frozenset({'AGGREGATE', 'RETIREMENT'})",frozenset({'BENEFITS'}),0.3652410047522064,0.37067209775967414,0.3652410047522064,1.0,2.697802197802198,1.0,0.22985635533285495,inf,0.9914438502673797,0.9853479853479852,1.0,0.9926739926739927
74,"frozenset({'BENEFITS', 'RETIREMENT'})",frozenset({'AGGREGATE'}),0.3652410047522064,0.36591989137813985,0.3652410047522064,1.0,2.732838589981447,1.0,0.23159205596643637,inf,0.9989304812834224,0.9981447124304269,1.0,0.9990723562152133
75,frozenset({'AGGREGATE'}),"frozenset({'BENEFITS', 'RETIREMENT'})",0.36591989137813985,0.3652410047522064,0.3652410047522064,0.9981447124304267,2.732838589981447,1.0,0.23159205596643637,342.13509843855485,1.0,0.9981447124304269,0.9970771779786293,0.9990723562152133
76,frozenset({'BENEFITS'}),"frozenset({'AGGREGATE', 'RETIREMENT'})",0.37067209775967414,0.3652410047522064,0.3652410047522064,0.9853479853479854,2.697802197802198,1.0,0.22985635533285495,43.32230142566207,1.0,0.9853479853479852,0.9769172004466123,0.9926739926739927
77,frozenset({'RETIREMENT'}),"frozenset({'AGGREGATE', 'BENEFITS'})",0.3652410047522064,0.36591989137813985,0.3652410047522064,1.0,2.732838589981447,1.0,0.23159205596643637,inf,0.9989304812834224,0.9981447124304269,1.0,0.9990723562152133
78,"frozenset({'AGGREGATE', 'INSURANCE'})",frozenset({'RETIREMENT'}),0.3652410047522064,0.3652410047522064,0.3652410047522064,1.0,2.7379182156133828,1.0,0.23184001319980513,inf,0.9999999999999999,1.0,1.0,1.0
79,"frozenset({'AGGREGATE', 'RETIREMENT'})",frozenset({'INSURANCE'}),0.3652410047522064,0.38289205702647655,0.3652410047522064,1.0,2.6117021276595747,1.0,0.225393125132217,inf,0.9721925133689839,0.9539007092198581,1.0,0.9769503546099292
80,"frozenset({'INSURANCE', 'RETIREMENT'})",frozenset({'AGGREGATE'}),0.3652410047522064,0.36591989137813985,0.3652410047522064,1.0,2.732838589981447,1.0,0.23159205596643637,inf,0.9989304812834224,0.9981447124304269,1.0,0.9990723562152133
81,frozenset({'AGGREGATE'}),"frozenset({'INSURANCE', 'RETIREMENT'})",0.36591989137813985,0.3652410047522064,0.3652410047522064,0.9981447124304267,2.732838589981447,1.0,0.23159205596643637,342.13509843855485,1.0,0.9981447124304269,0.9970771779786293,0.9990723562152133
82,frozenset({'INSURANCE'}),"frozenset({'AGGREGATE', 'RETIREMENT'})",0.38289205702647655,0.3652410047522064,0.3652410047522064,0.9539007092198583,2.6117021276595747,1.0,0.225393125132217,13.769387435375247,1.0,0.9539007092198581,0.9273751280009103,0.9769503546099292
83,frozenset({'RETIREMENT'}),"frozenset({'AGGREGATE', 'INSURANCE'})",0.3652410047522064,0.3652410047522064,0.3652410047522064,1.0,2.7379182156133828,1.0,0.23184001319980513,inf,0.9999999999999999,1.0,1.0,1.0
84,"frozenset({'OF', 'AND'})",frozenset({'FOR'}),0.08689748811948404,0.13374066530889342,0.06788866259334692,0.7812500000000001,5.84152918781726,1.0,0.05626693471857546,3.9600426728736324,0.9076877323420075,0.44444444444444453,0.7474774686520378,0.6444321065989849
85,"frozenset({'OF', 'FOR'})",frozenset({'AND'}),0.07875084860828242,0.18329938900203666,0.06788866259334692,0.8620689655172413,4.703065134099616,1.0,0.05345368016005686,5.921079429735232,0.8546794399410464,0.34965034965034963,0.8311118754837045,0.6162196679438059
86,"frozenset({'AND', 'FOR'})",frozenset({'OF'}),0.09164969450101833,0.11473183978275628,0.06788866259334692,0.7407407407407408,6.456278763971072,1.0,0.05737352452771752,3.414605760837941,0.9303811659192824,0.49019607843137264,0.7071404226312202,0.6662283585360509
87,"frozenset({'THE', 'AND'})",frozenset({'FOR'}),0.09097080787508487,0.13374066530889342,0.07060420909708079,0.7761194029850746,5.803166906583832,1.0,0.05843771272817942,3.86929169495361,0.9105101395990118,0.4581497797356828,0.7415547653581622,0.6520190923554815
88,"frozenset({'THE', 'FOR'})",frozenset({'AND'}),0.07807196198234895,0.18329938900203666,0.07060420909708079,0.9043478260869565,4.9337198067632855,1.0,0.05629366616752599,8.538233660433253,0.8648323326158377,0.3701067615658364,0.8828797571289169,0.6447665056360709
89,"frozenset({'AND', 'FOR'})",frozenset({'THE'}),0.09164969450101833,0.10522742701968771,0.07060420909708079,0.7703703703703704,7.321003584229391,1.0,0.06096014755759821,3.8965902371723278,0.9505217316315971,0.5591397849462366,0.7433653684033047,0.7206690561529272
90,"frozenset({'AND', 'TO'})",frozenset({'FOR'}),0.08486082824168364,0.13374066530889342,0.06177868295994569,0.7279999999999999,5.4433705583756335,1.0,0.050429339332239184,3.1847769657761256,0.8919848697296768,0.39393939393939387,0.6860062695924763,0.594964467005076
91,"frozenset({'FOR', 'TO'})",frozenset({'AND'}),0.06924643584521385,0.18329938900203666,0.06177868295994569,0.892156862745098,4.867211328976035,1.0,0.04908585357894926,7.573042029253838,0.853656190636497,0.3238434163701067,0.8679526673512297,0.6145969498910675
92,"frozenset({'OF', 'THE'})",frozenset({'AND'}),0.0855397148676171,0.18329938900203666,0.07603530210454854,0.8888888888888888,4.849382716049383,1.0,0.06035592463390589,7.350305498981666,0.8680400890868598,0.39436619718309857,0.8639512330285397,0.6518518518518518
93,"frozenset({'OF', 'AND'})",frozenset({'THE'}),0.08689748811948404,0.10522742701968771,0.07603530210454854,0.875,8.315322580645162,1.0,0.06689130301526135,7.158180583842499,0.9634625597450875,0.6549707602339182,0.8602996965098635,0.7987903225806452
94,"frozenset({'THE', 'AND'})",frozenset({'OF'}),0.09097080787508487,0.11473183978275628,0.07603530210454854,0.8358208955223879,7.284995142630044,1.0,0.06559805395051639,5.392087884959571,0.9490691347487463,0.5863874345549738,0.8145430821353354,0.7492713945067561
95,frozenset({'THE'}),"frozenset({'OF', 'AND'})",0.10522742701968771,0.08689748811948404,0.07603530210454854,0.7225806451612903,8.31532258064516,1.0,0.06689130301526135,3.2914160311972083,0.9831996531541296,0.6549707602339182,0.6961793980093536,0.7987903225806452
96,"frozenset({'OF', 'AND'})",frozenset({'TO'}),0.08689748811948404,0.1120162932790224,0.06924643584521385,0.7968750000000001,7.113920454545456,1.0,0.05951250133081136,4.371612094626354,0.9412202055543406,0.5340314136125653,0.7712514334862387,0.7075284090909091
97,"frozenset({'OF', 'TO'})",frozenset({'AND'}),0.08078750848608282,0.18329938900203666,0.06924643584521385,0.8571428571428572,4.6761904761904765,1.0,0.05443813490071802,5.716904276985746,0.8552437223042836,0.3554006968641115,0.8250801567509798,0.6174603174603175
98,"frozenset({'AND', 'TO'})",frozenset({'OF'}),0.08486082824168364,0.11473183978275628,0.06924643584521385,0.816,7.112236686390532,1.0,0.059510196895557005,4.811240001180671,0.9390891371385349,0.53125,0.7921533742331288,0.7097751479289941
99,"frozenset({'THE', 'AND'})",frozenset({'TO'}),0.09097080787508487,0.1120162932790224,0.07671418873048201,0.8432835820895522,7.528222523744912,1.0,0.0665239760357169,5.666181747648142,0.9539479336712774,0.6075268817204301,0.823514309188005,0.7640660334690186
100,"frozenset({'THE', 'TO'})",frozenset({'AND'}),0.08010862186014936,0.18329938900203666,0.07671418873048201,0.9576271186440678,5.224387947269303,1.0,0.06203032728972144,19.274134419551935,0.879005975900467,0.41090909090909095,0.948116995646477,0.6880728185812932
101,"frozenset({'AND', 'TO'})",frozenset({'THE'}),0.08486082824168364,0.10522742701968771,0.07671418873048201,0.9039999999999999,8.590916129032257,1.0,0.06778450211984999,9.320547635211579,0.965533993330007,0.6766467065868264,0.892710166919575,0.816516129032258
102,frozenset({'THE'}),"frozenset({'AND', 'TO'})",0.10522742701968771,0.08486082824168364,0.07671418873048201,0.7290322580645162,8.590916129032259,1.0,0.06778450211984999,3.377299324346169,0.9875112465924504,0.6766467065868264,0.7039054273954246,0.816516129032258
103,"frozenset({'BENEFITS', 'INSURANCE'})",frozenset({'RETIREMENT'}),0.3652410047522064,0.3652410047522064,0.3652410047522064,1.0,2.7379182156133828,1.0,0.23184001319980513,inf,0.9999999999999999,1.0,1.0,1.0
104,"frozenset({'BENEFITS', 'RETIREMENT'})",frozenset({'INSURANCE'}),0.3652410047522064,0.38289205702647655,0.3652410047522064,1.0,2.6117021276595747,1.0,0.225393125132217,inf,0.9721925133689839,0.9539007092198581,1.0,0.9769503546099292
105,"frozenset({'INSURANCE', 'RETIREMENT'})",frozenset({'BENEFITS'}),0.3652410047522064,0.37067209775967414,0.3652410047522064,1.0,2.697802197802198,1.0,0.22985635533285495,inf,0.9914438502673797,0.9853479853479852,1.0,0.9926739926739927
106,frozenset({'BENEFITS'}),"frozenset({'INSURANCE', 'RETIREMENT'})",0.37067209775967414,0.3652410047522064,0.3652410047522064,0.9853479853479854,2.697802197802198,1.0,0.22985635533285495,43.32230142566207,1.0,0.9853479853479852,0.9769172004466123,0.9926739926739927
107,frozenset({'INSURANCE'}),"frozenset({'BENEFITS', 'RETIREMENT'})",0.38289205702647655,0.3652410047522064,0.3652410047522064,0.9539007092198583,2.6117021276595747,1.0,0.225393125132217,13.769387435375247,1.0,0.9539007092198581,0.9273751280009103,0.9769503546099292
108,frozenset({'RETIREMENT'}),"frozenset({'BENEFITS', 'INSURANCE'})",0.3652410047522064,0.3652410047522064,0.3652410047522064,1.0,2.7379182156133828,1.0,0.23184001319980513,inf,0.9999999999999999,1.0,1.0,1.0
109,"frozenset({'OF', 'THE'})",frozenset({'FOR'}),0.0855397148676171,0.13374066530889342,0.06720977596741344,0.7857142857142857,5.874909354604786,1.0,0.05576963759068529,4.04254356189183,0.9074036579604509,0.44196428571428575,0.7526309896999552,0.6441261783901377
110,"frozenset({'OF', 'FOR'})",frozenset({'THE'}),0.07875084860828242,0.10522742701968771,0.06720977596741344,0.8534482758620688,8.110511679644048,1.0,0.05892302679274693,6.105506968571538,0.951646159457508,0.5755813953488371,0.8362134372874259,0.7460789766407119
111,"frozenset({'THE', 'FOR'})",frozenset({'OF'}),0.07807196198234895,0.11473183978275628,0.06720977596741344,0.8608695652173913,7.503318754823772,1.0,0.058252436133729144,6.362864901561441,0.9401228782672081,0.5351351351351351,0.8428380901573753,0.7233341908927193
112,"frozenset({'OF', 'TO'})",frozenset({'FOR'}),0.08078750848608282,0.13374066530889342,0.06517311608961303,0.8067226890756302,6.031992492428443,1.0,0.05436854095603644,4.481950470793115,0.907534773510586,0.4363636363636363,0.7768828534548615,0.6470161668728405
113,"frozenset({'OF', 'FOR'})",frozenset({'TO'}),0.07875084860828242,0.1120162932790224,0.06517311608961303,0.8275862068965516,7.38808777429467,1.0,0.05635173793593577,5.150305498981666,0.9385593220338982,0.5189189189189188,0.805836760518823,0.7047021943573667
114,"frozenset({'FOR', 'TO'})",frozenset({'OF'}),0.06924643584521385,0.11473183978275628,0.06517311608961303,0.9411764705882352,8.20327184128089,1.0,0.05722834510669304,15.049558723693112,0.9434263311451496,0.5485714285714284,0.9335528690003607,0.7546119039331708
115,"frozenset({'THE', 'TO'})",frozenset({'FOR'}),0.08010862186014936,0.13374066530889342,0.06177868295994569,0.771186440677966,5.766282371160629,1.0,0.051064902575390744,3.7858741293907614,0.8985604801102954,0.40624999999999994,0.7358602093406301,0.6165576873440591
116,"frozenset({'FOR', 'TO'})",frozenset({'THE'}),0.06924643584521385,0.10522742701968771,0.06177868295994569,0.892156862745098,8.478368121442125,1.0,0.05449205868566996,8.296982040362892,0.9476759564286916,0.5481927710843372,0.8794742479692939,0.7396268184693232
117,"frozenset({'THE', 'FOR'})",frozenset({'TO'}),0.07807196198234895,0.1120162932790224,0.06177868295994569,0.7913043478260869,7.064189723320158,1.0,0.0530333511696622,4.2549219280380175,0.9311366100762272,0.4814814814814814,0.7649780614280016,0.6714097496706193
118,"frozenset({'OF', 'THE'})",frozenset({'TO'}),0.0855397148676171,0.1120162932790224,0.07128309572301425,0.8333333333333333,7.439393939393939,1.0,0.0617012539353993,5.327902240325863,0.9465478841870822,0.564516129032258,0.812308868501529,0.7348484848484848
119,"frozenset({'OF', 'TO'})",frozenset({'THE'}),0.08078750848608282,0.10522742701968771,0.07128309572301425,0.8823529411764706,8.385199240986717,1.0,0.06278203406969257,7.605566870332653,0.9581486952240277,0.621301775147929,0.868517361421048,0.77988614800759
120,"frozenset({'THE', 'TO'})",frozenset({'OF'}),0.08010862186014936,0.11473183978275628,0.07128309572301425,0.8898305084745761,7.755741650787282,1.0,0.062092086154538186,8.035510992741125,0.9469196977684062,0.5769230769230769,0.875552407195591,0.7555661418112525
121,"frozenset({'AGGREGATE', '(RI)', 'BENEFITS'})",frozenset({'INSURANCE'}),0.3652410047522064,0.38289205702647655,0.3652410047522064,1.0,2.6117021276595747,1.0,0.225393125132217,inf,0.9721925133689839,0.9539007092198581,1.0,0.9769503546099292
122,"frozenset({'AGGREGATE', '(RI)', 'INSURANCE'})",frozenset({'BENEFITS'}),0.3652410047522064,0.37067209775967414,0.3652410047522064,1.0,2.697802197802198,1.0,0.22985635533285495,inf,0.9914438502673797,0.9853479853479852,1.0,0.9926739926739927
123,"frozenset({'AGGREGATE', 'BENEFITS', 'INSURANCE'})",frozenset({'(RI)'}),0.3652410047522064,0.3652410047522064,0.3652410047522064,1.0,2.7379182156133828,1.0,0.23184001319980513,inf,0.9999999999999999,1.0,1.0,1.0
124,"frozenset({'BENEFITS', '(RI)', 'INSURANCE'})",frozenset({'AGGREGATE'}),0.3652410047522064,0.36591989137813985,0.3652410047522064,1.0,2.732838589981447,1.0,0.23159205596643637,inf,0.9989304812834224,0.9981447124304269,1.0,0.9990723562152133
125,"frozenset({'AGGREGATE', '(RI)'})","frozenset({'BENEFITS', 'INSURANCE'})",0.3652410047522064,0.3652410047522064,0.3652410047522064,1.0,2.7379182156133828,1.0,0.23184001319980513,inf,0.9999999999999999,1.0,1.0,1.0
126,"frozenset({'AGGREGATE', 'BENEFITS'})","frozenset({'(RI)', 'INSURANCE'})",0.36591989137813985,0.3652410047522064,0.3652410047522064,0.9981447124304267,2.732838589981447,1.0,0.23159205596643637,342.13509843855485,1.0,0.9981447124304269,0.9970771779786293,0.9990723562152133
127,"frozenset({'AGGREGATE', 'INSURANCE'})","frozenset({'BENEFITS', '(RI)'})",0.3652410047522064,0.3652410047522064,0.3652410047522064,1.0,2.7379182156133828,1.0,0.23184001319980513,inf,0.9999999999999999,1.0,1.0,1.0
128,"frozenset({'BENEFITS', '(RI)'})","frozenset({'AGGREGATE', 'INSURANCE'})",0.3652410047522064,0.3652410047522064,0.3652410047522064,1.0,2.7379182156133828,1.0,0.23184001319980513,inf,0.9999999999999999,1.0,1.0,1.0
129,"frozenset({'(RI)', 'INSURANCE'})","frozenset({'AGGREGATE', 'BENEFITS'})",0.3652410047522064,0.36591989137813985,0.3652410047522064,1.0,2.732838589981447,1.0,0.23159205596643637,inf,0.9989304812834224,0.9981447124304269,1.0,0.9990723562152133
130,"frozenset({'BENEFITS', 'INSURANCE'})","frozenset({'AGGREGATE', '(RI)'})",0.3652410047522064,0.3652410047522064,0.3652410047522064,1.0,2.7379182156133828,1.0,0.23184001319980513,inf,0.9999999999999999,1.0,1.0,1.0
131,frozenset({'AGGREGATE'}),"frozenset({'BENEFITS', '(RI)', 'INSURANCE'})",0.36591989137813985,0.3652410047522064,0.3652410047522064,0.9981447124304267,2.732838589981447,1.0,0.23159205596643637,342.13509843855485,1.0,0.9981447124304269,0.9970771779786293,0.9990723562152133
132,frozenset({'(RI)'}),"frozenset({'AGGREGATE', 'BENEFITS', 'INSURANCE'})",0.3652410047522064,0.3652410047522064,0.3652410047522064,1.0,2.7379182156133828,1.0,0.23184001319980513,inf,0.9999999999999999,1.0,1.0,1.0
133,frozenset({'BENEFITS'}),"frozenset({'AGGREGATE', '(RI)', 'INSURANCE'})",0.37067209775967414,0.3652410047522064,0.3652410047522064,0.9853479853479854,2.697802197802198,1.0,0.22985635533285495,43.32230142566207,1.0,0.9853479853479852,0.9769172004466123,0.9926739926739927
134,frozenset({'INSURANCE'}),"frozenset({'AGGREGATE', '(RI)', 'BENEFITS'})",0.38289205702647655,0.3652410047522064,0.3652410047522064,0.9539007092198583,2.6117021276595747,1.0,0.225393125132217,13.769387435375247,1.0,0.9539007092198581,0.9273751280009103,0.9769503546099292
135,"frozenset({'AGGREGATE', '(RI)', 'BENEFITS'})",frozenset({'RETIREMENT'}),0.3652410047522064,0.3652410047522064,0.3652410047522064,1.0,2.7379182156133828,1.0,0.23184001319980513,inf,0.9999999999999999,1.0,1.0,1.0
136,"frozenset({'AGGREGATE', '(RI)', 'RETIREMENT'})",frozenset({'BENEFITS'}),0.3652410047522064,0.37067209775967414,0.3652410047522064,1.0,2.697802197802198,1.0,0.22985635533285495,inf,0.9914438502673797,0.9853479853479852,1.0,0.9926739926739927
137,"frozenset({'AGGREGATE', 'BENEFITS', 'RETIREMENT'})",frozenset({'(RI)'}),0.3652410047522064,0.3652410047522064,0.3652410047522064,1.0,2.7379182156133828,1.0,0.23184001319980513,inf,0.9999999999999999,1.0,1.0,1.0
138,"frozenset({'BENEFITS', '(RI)', 'RETIREMENT'})",frozenset({'AGGREGATE'}),0.3652410047522064,0.36591989137813985,0.3652410047522064,1.0,2.732838589981447,1.0,0.23159205596643637,inf,0.9989304812834224,0.9981447124304269,1.0,0.9990723562152133
139,"frozenset({'AGGREGATE', '(RI)'})","frozenset({'BENEFITS', 'RETIREMENT'})",0.3652410047522064,0.3652410047522064,0.3652410047522064,1.0,2.7379182156133828,1.0,0.23184001319980513,inf,0.9999999999999999,1.0,1.0,1.0
140,"frozenset({'AGGREGATE', 'BENEFITS'})","frozenset({'(RI)', 'RETIREMENT'})",0.36591989137813985,0.3652410047522064,0.3652410047522064,0.9981447124304267,2.732838589981447,1.0,0.23159205596643637,342.13509843855485,1.0,0.9981447124304269,0.9970771779786293,0.9990723562152133
141,"frozenset({'AGGREGATE', 'RETIREMENT'})","frozenset({'BENEFITS', '(RI)'})",0.3652410047522064,0.3652410047522064,0.3652410047522064,1.0,2.7379182156133828,1.0,0.23184001319980513,inf,0.9999999999999999,1.0,1.0,1.0
142,"frozenset({'BENEFITS', '(RI)'})","frozenset({'AGGREGATE', 'RETIREMENT'})",0.3652410047522064,0.3652410047522064,0.3652410047522064,1.0,2.7379182156133828,1.0,0.23184001319980513,inf,0.9999999999999999,1.0,1.0,1.0
143,"frozenset({'(RI)', 'RETIREMENT'})","frozenset({'AGGREGATE', 'BENEFITS'})",0.3652410047522064,0.36591989137813985,0.3652410047522064,1.0,2.732838589981447,1.0,0.23159205596643637,inf,0.9989304812834224,0.9981447124304269,1.0,0.9990723562152133
144,"frozenset({'BENEFITS', 'RETIREMENT'})","frozenset({'AGGREGATE', '(RI)'})",0.3652410047522064,0.3652410047522064,0.3652410047522064,1.0,2.7379182156133828,1.0,0.23184001319980513,inf,0.9999999999999999,1.0,1.0,1.0
145,frozenset({'AGGREGATE'}),"frozenset({'BENEFITS', '(RI)', 'RETIREMENT'})",0.36591989137813985,0.3652410047522064,0.3652410047522064,0.9981447124304267,2.732838589981447,1.0,0.23159205596643637,342.13509843855485,1.0,0.9981447124304269,0.9970771779786293,0.9990723562152133
146,frozenset({'(RI)'}),"frozenset({'AGGREGATE', 'BENEFITS', 'RETIREMENT'})",0.3652410047522064,0.3652410047522064,0.3652410047522064,1.0,2.7379182156133828,1.0,0.23184001319980513,inf,0.9999999999999999,1.0,1.0,1.0
147,frozenset({'BENEFITS'}),"frozenset({'AGGREGATE', '(RI)', 'RETIREMENT'})",0.37067209775967414,0.3652410047522064,0.3652410047522064,0.9853479853479854,2.697802197802198,1.0,0.22985635533285495,43.32230142566207,1.0,0.9853479853479852,0.9769172004466123,0.9926739926739927
148,frozenset({'RETIREMENT'}),"frozenset({'AGGREGATE', '(RI)', 'BENEFITS'})",0.3652410047522064,0.3652410047522064,0.3652410047522064,1.0,2.7379182156133828,1.0,0.23184001319980513,inf,0.9999999999999999,1.0,1.0,1.0
149,"frozenset({'AGGREGATE', '(RI)', 'INSURANCE'})",frozenset({'RETIREMENT'}),0.3652410047522064,0.3652410047522064,0.3652410047522064,1.0,2.7379182156133828,1.0,0.23184001319980513,inf,0.9999999999999999,1.0,1.0,1.0
150,"frozenset({'AGGREGATE', '(RI)', 'RETIREMENT'})",frozenset({'INSURANCE'}),0.3652410047522064,0.38289205702647655,0.3652410047522064,1.0,2.6117021276595747,1.0,0.225393125132217,inf,0.9721925133689839,0.9539007092198581,1.0,0.9769503546099292
151,"frozenset({'AGGREGATE', 'INSURANCE', 'RETIREMENT'})",frozenset({'(RI)'}),0.3652410047522064,0.3652410047522064,0.3652410047522064,1.0,2.7379182156133828,1.0,0.23184001319980513,inf,0.9999999999999999,1.0,1.0,1.0
152,"frozenset({'(RI)', 'INSURANCE', 'RETIREMENT'})",frozenset({'AGGREGATE'}),0.3652410047522064,0.36591989137813985,0.3652410047522064,1.0,2.732838589981447,1.0,0.23159205596643637,inf,0.9989304812834224,0.9981447124304269,1.0,0.9990723562152133
153,"frozenset({'AGGREGATE', '(RI)'})","frozenset({'INSURANCE', 'RETIREMENT'})",0.3652410047522064,0.3652410047522064,0.3652410047522064,1.0,2.7379182156133828,1.0,0.23184001319980513,inf,0.9999999999999999,1.0,1.0,1.0
154,"frozenset({'AGGREGATE', 'INSURANCE'})","frozenset({'(RI)', 'RETIREMENT'})",0.3652410047522064,0.3652410047522064,0.3652410047522064,1.0,2.7379182156133828,1.0,0.23184001319980513,inf,0.9999999999999999,1.0,1.0,1.0
155,"frozenset({'AGGREGATE', 'RETIREMENT'})","frozenset({'(RI)', 'INSURANCE'})",0.3652410047522064,0.3652410047522064,0.3652410047522064,1.0,2.7379182156133828,1.0,0.23184001319980513,inf,0.9999999999999999,1.0,1.0,1.0
156,"frozenset({'(RI)', 'INSURANCE'})","frozenset({'AGGREGATE', 'RETIREMENT'})",0.3652410047522064,0.3652410047522064,0.3652410047522064,1.0,2.7379182156133828,1.0,0.23184001319980513,inf,0.9999999999999999,1.0,1.0,1.0
157,"frozenset({'(RI)', 'RETIREMENT'})","frozenset({'AGGREGATE', 'INSURANCE'})",0.3652410047522064,0.3652410047522064,0.3652410047522064,1.0,2.7379182156133828,1.0,0.23184001319980513,inf,0.9999999999999999,1.0,1.0,1.0
158,"frozenset({'INSURANCE', 'RETIREMENT'})","frozenset({'AGGREGATE', '(RI)'})",0.3652410047522064,0.3652410047522064,0.3652410047522064,1.0,2.7379182156133828,1.0,0.23184001319980513,inf,0.9999999999999999,1.0,1.0,1.0
159,frozenset({'AGGREGATE'}),"frozenset({'(RI)', 'INSURANCE', 'RETIREMENT'})",0.36591989137813985,0.3652410047522064,0.3652410047522064,0.9981447124304267,2.732838589981447,1.0,0.23159205596643637,342.13509843855485,1.0,0.9981447124304269,0.9970771779786293,0.9990723562152133
160,frozenset({'(RI)'}),"frozenset({'AGGREGATE', 'INSURANCE', 'RETIREMENT'})",0.3652410047522064,0.3652410047522064,0.3652410047522064,1.0,2.7379182156133828,1.0,0.23184001319980513,inf,0.9999999999999999,1.0,1.0,1.0
161,frozenset({'INSURANCE'}),"frozenset({'AGGREGATE', '(RI)', 'RETIREMENT'})",0.38289205702647655,0.3652410047522064,0.3652410047522064,0.9539007092198583,2.6117021276595747,1.0,0.225393125132217,13.769387435375247,1.0,0.9539007092198581,0.9273751280009103,0.9769503546099292
162,frozenset({'RETIREMENT'}),"frozenset({'AGGREGATE', '(RI)', 'INSURANCE'})",0.3652410047522064,0.3652410047522064,0.3652410047522064,1.0,2.7379182156133828,1.0,0.23184001319980513,inf,0.9999999999999999,1.0,1.0,1.0
163,"frozenset({'BENEFITS', '(RI)', 'INSURANCE'})",frozenset({'RETIREMENT'}),0.3652410047522064,0.3652410047522064,0.3652410047522064,1.0,2.7379182156133828,1.0,0.23184001319980513,inf,0.9999999999999999,1.0,1.0,1.0
164,"frozenset({'BENEFITS', '(RI)', 'RETIREMENT'})",frozenset({'INSURANCE'}),0.3652410047522064,0.38289205702647655,0.3652410047522064,1.0,2.6117021276595747,1.0,0.225393125132217,inf,0.9721925133689839,0.9539007092198581,1.0,0.9769503546099292
165,"frozenset({'BENEFITS', 'INSURANCE', 'RETIREMENT'})",frozenset({'(RI)'}),0.3652410047522064,0.3652410047522064,0.3652410047522064,1.0,2.7379182156133828,1.0,0.23184001319980513,inf,0.9999999999999999,1.0,1.0,1.0
166,"frozenset({'(RI)', 'INSURANCE', 'RETIREMENT'})",frozenset({'BENEFITS'}),0.3652410047522064,0.37067209775967414,0.3652410047522064,1.0,2.697802197802198,1.0,0.22985635533285495,inf,0.9914438502673797,0.9853479853479852,1.0,0.9926739926739927
167,"frozenset({'BENEFITS', '(RI)'})","frozenset({'INSURANCE', 'RETIREMENT'})",0.3652410047522064,0.3652410047522064,0.3652410047522064,1.0,2.7379182156133828,1.0,0.23184001319980513,inf,0.9999999999999999,1.0,1.0,1.0
168,"frozenset({'BENEFITS', 'INSURANCE'})","frozenset({'(RI)', 'RETIREMENT'})",0.3652410047522064,0.3652410047522064,0.3652410047522064,1.0,2.7379182156133828,1.0,0.23184001319980513,inf,0.9999999999999999,1.0,1.0,1.0
169,"frozenset({'BENEFITS', 'RETIREMENT'})","frozenset({'(RI)', 'INSURANCE'})",0.3652410047522064,0.3652410047522064,0.3652410047522064,1.0,2.7379182156133828,1.0,0.23184001319980513,inf,0.9999999999999999,1.0,1.0,1.0
170,"frozenset({'(RI)', 'INSURANCE'})","frozenset({'BENEFITS', 'RETIREMENT'})",0.3652410047522064,0.3652410047522064,0.3652410047522064,1.0,2.7379182156133828,1.0,0.23184001319980513,inf,0.9999999999999999,1.0,1.0,1.0
171,"frozenset({'(RI)', 'RETIREMENT'})","frozenset({'BENEFITS', 'INSURANCE'})",0.3652410047522064,0.3652410047522064,0.3652410047522064,1.0,2.7379182156133828,1.0,0.23184001319980513,inf,0.9999999999999999,1.0,1.0,1.0
172,"frozenset({'INSURANCE', 'RETIREMENT'})","frozenset({'BENEFITS', '(RI)'})",0.3652410047522064,0.3652410047522064,0.3652410047522064,1.0,2.7379182156133828,1.0,0.23184001319980513,inf,0.9999999999999999,1.0,1.0,1.0
173,frozenset({'BENEFITS'}),"frozenset({'(RI)', 'INSURANCE', 'RETIREMENT'})",0.37067209775967414,0.3652410047522064,0.3652410047522064,0.9853479853479854,2.697802197802198,1.0,0.22985635533285495,43.32230142566207,1.0,0.9853479853479852,0.9769172004466123,0.9926739926739927
174,frozenset({'(RI)'}),"frozenset({'BENEFITS', 'INSURANCE', 'RETIREMENT'})",0.3652410047522064,0.3652410047522064,0.3652410047522064,1.0,2.7379182156133828,1.0,0.23184001319980513,inf,0.9999999999999999,1.0,1.0,1.0
175,frozenset({'INSURANCE'}),"frozenset({'BENEFITS', '(RI)', 'RETIREMENT'})",0.38289205702647655,0.3652410047522064,0.3652410047522064,0.9539007092198583,2.6117021276595747,1.0,0.225393125132217,13.769387435375247,1.0,0.9539007092198581,0.9273751280009103,0.9769503546099292
176,frozenset({'RETIREMENT'}),"frozenset({'BENEFITS', '(RI)', 'INSURANCE'})",0.3652410047522064,0.3652410047522064,0.3652410047522064,1.0,2.7379182156133828,1.0,0.23184001319980513,inf,0.9999999999999999,1.0,1.0,1.0
177,"frozenset({'AGGREGATE', 'BENEFITS', 'INSURANCE'})",frozenset({'RETIREMENT'}),0.3652410047522064,0.3652410047522064,0.3652410047522064,1.0,2.7379182156133828,1.0,0.23184001319980513,inf,0.9999999999999999,1.0,1.0,1.0
178,"frozenset({'AGGREGATE', 'BENEFITS', 'RETIREMENT'})",frozenset({'INSURANCE'}),0.3652410047522064,0.38289205702647655,0.3652410047522064,1.0,2.6117021276595747,1.0,0.225393125132217,inf,0.9721925133689839,0.9539007092198581,1.0,0.9769503546099292
179,"frozenset({'AGGREGATE', 'INSURANCE', 'RETIREMENT'})",frozenset({'BENEFITS'}),0.3652410047522064,0.37067209775967414,0.3652410047522064,1.0,2.697802197802198,1.0,0.22985635533285495,inf,0.9914438502673797,0.9853479853479852,1.0,0.9926739926739927
180,"frozenset({'BENEFITS', 'INSURANCE', 'RETIREMENT'})",frozenset({'AGGREGATE'}),0.3652410047522064,0.36591989137813985,0.3652410047522064,1.0,2.732838589981447,1.0,0.23159205596643637,inf,0.9989304812834224,0.9981447124304269,1.0,0.9990723562152133
181,"frozenset({'AGGREGATE', 'BENEFITS'})","frozenset({'INSURANCE', 'RETIREMENT'})",0.36591989137813985,0.3652410047522064,0.3652410047522064,0.9981447124304267,2.732838589981447,1.0,0.23159205596643637,342.13509843855485,1.0,0.9981447124304269,0.9970771779786293,0.9990723562152133
182,"frozenset({'AGGREGATE', 'INSURANCE'})","frozenset({'BENEFITS', 'RETIREMENT'})",0.3652410047522064,0.3652410047522064,0.3652410047522064,1.0,2.7379182156133828,1.0,0.23184001319980513,inf,0.9999999999999999,1.0,1.0,1.0
183,"frozenset({'AGGREGATE', 'RETIREMENT'})","frozenset({'BENEFITS', 'INSURANCE'})",0.3652410047522064,0.3652410047522064,0.3652410047522064,1.0,2.7379182156133828,1.0,0.23184001319980513,inf,0.9999999999999999,1.0,1.0,1.0
184,"frozenset({'BENEFITS', 'INSURANCE'})","frozenset({'AGGREGATE', 'RETIREMENT'})",0.3652410047522064,0.3652410047522064,0.3652410047522064,1.0,2.7379182156133828,1.0,0.23184001319980513,inf,0.9999999999999999,1.0,1.0,1.0
185,"frozenset({'BENEFITS', 'RETIREMENT'})","frozenset({'AGGREGATE', 'INSURANCE'})",0.3652410047522064,0.3652410047522064,0.3652410047522064,1.0,2.7379182156133828,1.0,0.23184001319980513,inf,0.9999999999999999,1.0,1.0,1.0
186,"frozenset({'INSURANCE', 'RETIREMENT'})","frozenset({'AGGREGATE', 'BENEFITS'})",0.3652410047522064,0.36591989137813985,0.3652410047522064,1.0,2.732838589981447,1.0,0.23159205596643637,inf,0.9989304812834224,0.9981447124304269,1.0,0.9990723562152133
187,frozenset({'AGGREGATE'}),"frozenset({'BENEFITS', 'INSURANCE', 'RETIREMENT'})",0.36591989137813985,0.3652410047522064,0.3652410047522064,0.9981447124304267,2.732838589981447,1.0,0.23159205596643637,342.13509843855485,1.0,0.9981447124304269,0.9970771779786293,0.9990723562152133
188,frozenset({'BENEFITS'}),"frozenset({'AGGREGATE', 'INSURANCE', 'RETIREMENT'})",0.37067209775967414,0.3652410047522064,0.3652410047522064,0.9853479853479854,2.697802197802198,1.0,0.22985635533285495,43.32230142566207,1.0,0.9853479853479852,0.9769172004466123,0.9926739926739927
189,frozenset({'INSURANCE'}),"frozenset({'AGGREGATE', 'BENEFITS', 'RETIREMENT'})",0.38289205702647655,0.3652410047522064,0.3652410047522064,0.9539007092198583,2.6117021276595747,1.0,0.225393125132217,13.769387435375247,1.0,0.9539007092198581,0.9273751280009103,0.9769503546099292
190,frozenset({'RETIREMENT'}),"frozenset({'AGGREGATE', 'BENEFITS', 'INSURANCE'})",0.3652410047522064,0.3652410047522064,0.3652410047522064,1.0,2.7379182156133828,1.0,0.23184001319980513,inf,0.9999999999999999,1.0,1.0,1.0
191,"frozenset({'OF', 'THE', 'AND'})",frozenset({'FOR'}),0.07603530210454854,0.13374066530889342,0.06381534283774609,0.8392857142857143,6.275471356055112,1.0,0.05364633094732107,5.390058082522442,0.9098285053230571,0.43720930232558136,0.8144732422749664,0.6582215373459028
192,"frozenset({'OF', 'THE', 'FOR'})",frozenset({'AND'}),0.06720977596741344,0.18329938900203666,0.06381534283774609,0.9494949494949495,5.180022446689113,1.0,0.051495831967955444,16.170672097759677,0.8650933754529406,0.3418181818181818,0.938159651376609,0.6488215488215489
193,"frozenset({'OF', 'AND', 'FOR'})",frozenset({'THE'}),0.06788866259334692,0.10522742701968771,0.06381534283774609,0.9399999999999998,8.933032258064515,1.0,0.05667159354924048,14.912876216338498,0.9527358943763463,0.5838509316770185,0.9329438543247343,0.7732258064516129
194,"frozenset({'THE', 'AND', 'FOR'})",frozenset({'OF'}),0.07060420909708079,0.11473183978275628,0.06381534283774609,0.9038461538461537,7.877901684114701,1.0,0.0557147920316316,9.206788866259325,0.9393873459428377,0.5251396648044692,0.8913844974044359,0.7300295857988165
195,"frozenset({'OF', 'THE'})","frozenset({'AND', 'FOR'})",0.0855397148676171,0.09164969450101833,0.06381534283774609,0.746031746031746,8.140035273368607,1.0,0.05597565410242477,3.5766293279022405,0.959200113727906,0.562874251497006,0.720407146416115,0.7211640211640211
196,"frozenset({'OF', 'AND'})","frozenset({'THE', 'FOR'})",0.08689748811948404,0.07807196198234895,0.06381534283774609,0.734375,9.406385869565218,1.0,0.05703108544892011,3.470787907831157,0.9787392232856126,0.6308724832214764,0.7118809830633285,0.775883152173913
197,"frozenset({'OF', 'FOR'})","frozenset({'THE', 'AND'})",0.07875084860828242,0.09097080787508487,0.06381534283774609,0.8103448275862067,8.907745753988674,1.0,0.056651314519002134,4.793063013022276,0.9636243904733531,0.6025641025641024,0.7913651464036464,0.7559186824498197
198,"frozenset({'THE', 'AND'})","frozenset({'OF', 'FOR'})",0.09097080787508487,0.07875084860828242,0.06381534283774609,0.7014925373134328,8.907745753988676,1.0,0.056651314519002134,3.086184657162253,0.9765782657747127,0.6025641025641024,0.6759753186902627,0.7559186824498197
199,"frozenset({'THE', 'FOR'})","frozenset({'OF', 'AND'})",0.07807196198234895,0.08689748811948404,0.06381534283774609,0.817391304347826,9.406385869565216,1.0,0.05703108544892011,5.000323279345681,0.9693698492777236,0.6308724832214764,0.800012930337805,0.775883152173913
200,"frozenset({'OF', 'THE', 'AND'})",frozenset({'TO'}),0.07603530210454854,0.1120162932790224,0.06788866259334692,0.892857142857143,7.970779220779222,1.0,0.05937146989324474,8.287847929395802,0.9465099191770756,0.5649717514124295,0.8793414154652689,0.7494588744588746
201,"frozenset({'OF', 'THE', 'TO'})",frozenset({'AND'}),0.07128309572301425,0.18329938900203666,0.06788866259334692,0.9523809523809526,5.195767195767197,1.0,0.054822514701144714,17.15071283095729,0.8695175438596493,0.3636363636363637,0.9416933855836601,0.6613756613756615
202,"frozenset({'OF', 'AND', 'TO'})",frozenset({'THE'}),0.06924643584521385,0.10522742701968771,0.06788866259334692,0.9803921568627452,9.316888045540798,1.0,0.06060203831907119,45.63340122199609,0.9590809628008753,0.6369426751592356,0.9780862269035081,0.812776723592663
203,"frozenset({'THE', 'AND', 'TO'})",frozenset({'OF'}),0.07671418873048201,0.11473183978275628,0.06788866259334692,0.8849557522123894,7.713253390584909,1.0,0.059087102582857126,7.695023238811429,0.9426691176470589,0.5494505494505496,0.8700458765405289,0.7383358642718751
204,"frozenset({'OF', 'THE'})","frozenset({'AND', 'TO'})",0.0855397148676171,0.08486082824168364,0.06788866259334692,0.7936507936507937,9.352380952380953,1.0,0.06062969154212347,4.434905216982612,0.9766146993318486,0.6622516556291391,0.7745160378691537,0.7968253968253969
205,"frozenset({'OF', 'AND'})","frozenset({'THE', 'TO'})",0.08689748811948404,0.08010862186014936,0.06788866259334692,0.7812500000000001,9.752383474576272,1.0,0.06092742457698635,4.20521772863932,0.9828698884758365,0.6849315068493153,0.7622001845018451,0.814353813559322
206,"frozenset({'OF', 'TO'})","frozenset({'THE', 'AND'})",0.08078750848608282,0.09097080787508487,0.06788866259334692,0.8403361344537816,9.237426313809106,1.0,0.060539357680152686,5.69339336120342,0.9701181683899557,0.6535947712418302,0.8243578237867217,0.7933023955850997
207,"frozenset({'THE', 'AND'})","frozenset({'OF', 'TO'})",0.09097080787508487,0.08078750848608282,0.06788866259334692,0.746268656716418,9.237426313809106,1.0,0.060539357680152686,3.622778643025439,0.9809858103061987,0.6535947712418302,0.723968782380564,0.7933023955850997
208,"frozenset({'THE', 'TO'})","frozenset({'OF', 'AND'})",0.08010862186014936,0.08689748811948404,0.06788866259334692,0.847457627118644,9.752383474576272,1.0,0.06092742457698635,5.985894244550048,0.9756162361623617,0.6849315068493153,0.8329405834540986,0.814353813559322
209,"frozenset({'AND', 'TO'})","frozenset({'OF', 'THE'})",0.08486082824168364,0.0855397148676171,0.06788866259334692,0.8,9.352380952380953,1.0,0.06062969154212347,4.572301425661915,0.9758902077151336,0.6622516556291391,0.7812917594654789,0.7968253968253969
210,"frozenset({'BENEFITS', '(RI)', 'RETIREMENT', 'AGGREGATE'})",frozenset({'INSURANCE'}),0.3652410047522064,0.38289205702647655,0.3652410047522064,1.0,2.6117021276595747,1.0,0.225393125132217,inf,0.9721925133689839,0.9539007092198581,1.0,0.9769503546099292
211,"frozenset({'BENEFITS', 'INSURANCE', 'RETIREMENT', 'AGGREGATE'})",frozenset({'(RI)'}),0.3652410047522064,0.3652410047522064,0.3652410047522064,1.0,2.7379182156133828,1.0,0.23184001319980513,inf,0.9999999999999999,1.0,1.0,1.0
212,"frozenset({'BENEFITS', '(RI)', 'INSURANCE', 'RETIREMENT'})",frozenset({'AGGREGATE'}),0.3652410047522064,0.36591989137813985,0.3652410047522064,1.0,2.732838589981447,1.0,0.23159205596643637,inf,0.9989304812834224,0.9981447124304269,1.0,0.9990723562152133
213,"frozenset({'BENEFITS', '(RI)', 'INSURANCE', 'AGGREGATE'})",frozenset({'RETIREMENT'}),0.3652410047522064,0.3652410047522064,0.3652410047522064,1.0,2.7379182156133828,1.0,0.23184001319980513,inf,0.9999999999999999,1.0,1.0,1.0
214,"frozenset({'AGGREGATE', '(RI)', 'INSURANCE', 'RETIREMENT'})",frozenset({'BENEFITS'}),0.3652410047522064,0.37067209775967414,0.3652410047522064,1.0,2.697802197802198,1.0,0.22985635533285495,inf,0.9914438502673797,0.9853479853479852,1.0,0.9926739926739927
215,"frozenset({'BENEFITS', 'RETIREMENT', 'AGGREGATE'})","frozenset({'(RI)', 'INSURANCE'})",0.3652410047522064,0.3652410047522064,0.3652410047522064,1.0,2.7379182156133828,1.0,0.23184001319980513,inf,0.9999999999999999,1.0,1.0,1.0
216,"frozenset({'BENEFITS', '(RI)', 'RETIREMENT'})","frozenset({'AGGREGATE', 'INSURANCE'})",0.3652410047522064,0.3652410047522064,0.3652410047522064,1.0,2.7379182156133828,1.0,0.23184001319980513,inf,0.9999999999999999,1.0,1.0,1.0
217,"frozenset({'BENEFITS', 'INSURANCE', 'RETIREMENT'})","frozenset({'AGGREGATE', '(RI)'})",0.3652410047522064,0.3652410047522064,0.3652410047522064,1.0,2.7379182156133828,1.0,0.23184001319980513,inf,0.9999999999999999,1.0,1.0,1.0
218,"frozenset({'BENEFITS', '(RI)', 'AGGREGATE'})","frozenset({'INSURANCE', 'RETIREMENT'})",0.3652410047522064,0.3652410047522064,0.3652410047522064,1.0,2.7379182156133828,1.0,0.23184001319980513,inf,0.9999999999999999,1.0,1.0,1.0
219,"frozenset({'BENEFITS', 'INSURANCE', 'AGGREGATE'})","frozenset({'(RI)', 'RETIREMENT'})",0.3652410047522064,0.3652410047522064,0.3652410047522064,1.0,2.7379182156133828,1.0,0.23184001319980513,inf,0.9999999999999999,1.0,1.0,1.0
220,"frozenset({'BENEFITS', '(RI)', 'INSURANCE'})","frozenset({'AGGREGATE', 'RETIREMENT'})",0.3652410047522064,0.3652410047522064,0.3652410047522064,1.0,2.7379182156133828,1.0,0.23184001319980513,inf,0.9999999999999999,1.0,1.0,1.0
221,"frozenset({'AGGREGATE', '(RI)', 'RETIREMENT'})","frozenset({'BENEFITS', 'INSURANCE'})",0.3652410047522064,0.3652410047522064,0.3652410047522064,1.0,2.7379182156133828,1.0,0.23184001319980513,inf,0.9999999999999999,1.0,1.0,1.0
222,"frozenset({'AGGREGATE', 'INSURANCE', 'RETIREMENT'})","frozenset({'BENEFITS', '(RI)'})",0.3652410047522064,0.3652410047522064,0.3652410047522064,1.0,2.7379182156133828,1.0,0.23184001319980513,inf,0.9999999999999999,1.0,1.0,1.0
223,"frozenset({'(RI)', 'INSURANCE', 'RETIREMENT'})","frozenset({'BENEFITS', 'AGGREGATE'})",0.3652410047522064,0.36591989137813985,0.3652410047522064,1.0,2.732838589981447,1.0,0.23159205596643637,inf,0.9989304812834224,0.9981447124304269,1.0,0.9990723562152133
224,"frozenset({'AGGREGATE', '(RI)', 'INSURANCE'})","frozenset({'BENEFITS', 'RETIREMENT'})",0.3652410047522064,0.3652410047522064,0.3652410047522064,1.0,2.7379182156133828,1.0,0.23184001319980513,inf,0.9999999999999999,1.0,1.0,1.0
225,"frozenset({'BENEFITS', 'RETIREMENT'})","frozenset({'AGGREGATE', '(RI)', 'INSURANCE'})",0.3652410047522064,0.3652410047522064,0.3652410047522064,1.0,2.7379182156133828,1.0,0.23184001319980513,inf,0.9999999999999999,1.0,1.0,1.0
226,"frozenset({'BENEFITS', 'AGGREGATE'})","frozenset({'(RI)', 'INSURANCE', 'RETIREMENT'})",0.36591989137813985,0.3652410047522064,0.3652410047522064,0.9981447124304267,2.732838589981447,1.0,0.23159205596643637,342.13509843855485,1.0,0.9981447124304269,0.9970771779786293,0.9990723562152133
227,"frozenset({'BENEFITS', '(RI)'})","frozenset({'AGGREGATE', 'INSURANCE', 'RETIREMENT'})",0.3652410047522064,0.3652410047522064,0.3652410047522064,1.0,2.7379182156133828,1.0,0.23184001319980513,inf,0.9999999999999999,1.0,1.0,1.0
228,"frozenset({'BENEFITS', 'INSURANCE'})","frozenset({'AGGREGATE', '(RI)', 'RETIREMENT'})",0.3652410047522064,0.3652410047522064,0.3652410047522064,1.0,2.7379182156133828,1.0,0.23184001319980513,inf,0.9999999999999999,1.0,1.0,1.0
229,"frozenset({'AGGREGATE', 'RETIREMENT'})","frozenset({'BENEFITS', '(RI)', 'INSURANCE'})",0.3652410047522064,0.3652410047522064,0.3652410047522064,1.0,2.7379182156133828,1.0,0.23184001319980513,inf,0.9999999999999999,1.0,1.0,1.0
230,"frozenset({'(RI)', 'RETIREMENT'})","frozenset({'BENEFITS', 'INSURANCE', 'AGGREGATE'})",0.3652410047522064,0.3652410047522064,0.3652410047522064,1.0,2.7379182156133828,1.0,0.23184001319980513,inf,0.9999999999999999,1.0,1.0,1.0
231,"frozenset({'INSURANCE', 'RETIREMENT'})","frozenset({'BENEFITS', '(RI)', 'AGGREGATE'})",0.3652410047522064,0.3652410047522064,0.3652410047522064,1.0,2.7379182156133828,1.0,0.23184001319980513,inf,0.9999999999999999,1.0,1.0,1.0
232,"frozenset({'AGGREGATE', '(RI)'})","frozenset({'BENEFITS', 'INSURANCE', 'RETIREMENT'})",0.3652410047522064,0.3652410047522064,0.3652410047522064,1.0,2.7379182156133828,1.0,0.23184001319980513,inf,0.9999999999999999,1.0,1.0,1.0
233,"frozenset({'AGGREGATE', 'INSURANCE'})","frozenset({'BENEFITS', '(RI)', 'RETIREMENT'})",0.3652410047522064,0.3652410047522064,0.3652410047522064,1.0,2.7379182156133828,1.0,0.23184001319980513,inf,0.9999999999999999,1.0,1.0,1.0
234,"frozenset({'(RI)', 'INSURANCE'})","frozenset({'BENEFITS', 'RETIREMENT', 'AGGREGATE'})",0.3652410047522064,0.3652410047522064,0.3652410047522064,1.0,2.7379182156133828,1.0,0.23184001319980513,inf,0.9999999999999999,1.0,1.0,1.0
235,frozenset({'BENEFITS'}),"frozenset({'AGGREGATE', '(RI)', 'INSURANCE', 'RETIREMENT'})",0.37067209775967414,0.3652410047522064,0.3652410047522064,0.9853479853479854,2.697802197802198,1.0,0.22985635533285495,43.32230142566207,1.0,0.9853479853479852,0.9769172004466123,0.9926739926739927
236,frozenset({'RETIREMENT'}),"frozenset({'BENEFITS', '(RI)', 'INSURANCE', 'AGGREGATE'})",0.3652410047522064,0.3652410047522064,0.3652410047522064,1.0,2.7379182156133828,1.0,0.23184001319980513,inf,0.9999999999999999,1.0,1.0,1.0
237,frozenset({'AGGREGATE'}),"frozenset({'BENEFITS', '(RI)', 'INSURANCE', 'RETIREMENT'})",0.36591989137813985,0.3652410047522064,0.3652410047522064,0.9981447124304267,2.732838589981447,1.0,0.23159205596643637,342.13509843855485,1.0,0.9981447124304269,0.9970771779786293,0.9990723562152133
238,frozenset({'(RI)'}),"frozenset({'BENEFITS', 'INSURANCE', 'RETIREMENT', 'AGGREGATE'})",0.3652410047522064,0.3652410047522064,0.3652410047522064,1.0,2.7379182156133828,1.0,0.23184001319980513,inf,0.9999999999999999,1.0,1.0,1.0
239,frozenset({'INSURANCE'}),"frozenset({'BENEFITS', '(RI)', 'RETIREMENT', 'AGGREGATE'})",0.38289205702647655,0.3652410047522064,0.3652410047522064,0.9539007092198583,2.6117021276595747,1.0,0.225393125132217,13.769387435375247,1.0,0.9539007092198581,0.9273751280009103,0.9769503546099292
